company_name,company_url,company_description,yc_launch_date,company_presentation_file,gpt_wrapper_estimate_index
Hyperbound,https://hyperbound.ai,ğŸš€ Hyperbound: Hyper-personalize your sales emails at scale,"July 24, 2023",Hyperbound.txt,
Finta,https://www.finta.com/,ğŸ“˜Finta: Accounting platform for startups,"July 24, 2023",Finta.txt,
Tempo Labs,https://www.tempolabs.ai/,Tempo Labs - Build UIs 10X faster with AI,"July 24, 2023",Tempo Labs.txt,
Aquarium Learning,https://www.aquariumlearning.com/,Tidepool ğŸŒŠ - Product analytics for AI apps,"July 24, 2023",Aquarium Learning.txt,
Neum AI,https://neum.ai,Neum AI - ETL for LLMs,"July 24, 2023",Neum AI.txt,
Trayd,https://www.buildtrayd.com/,Trayd ğŸ—ï¸ Construction payroll designed for same-day pay,"July 24, 2023",Trayd.txt,
Xeol,https://www.xeol.io/,ğŸŒŒÂ Xeol - Modern platform for software supply chain security,"July 23, 2023",Xeol.txt,
Decoda Health,https://decoda.health/,Decoda Health: Autonomous Medical Coding & Billing,"July 21, 2023",Decoda Health.txt,
Revamp,https://www.getrevamp.ai,ğŸ“ˆ Revamp: Smarter customer segmentation for eCommerce,"July 21, 2023",Revamp.txt,
Giga ML,https://gigaml.co/,Giga ML: Secure on-premise LLMs for enterprises,"July 21, 2023",Giga ML.txt,
atla,https://www.atla-ai.com/,atla - honest AI assistants for legal teams,"July 21, 2023",atla.txt,
Sidenote,https://www.sidenote.ai,"âœï¸ Sidenote: Meeting follow-up, automated","July 20, 2023",Sidenote.txt,
Elyos Energy,https://www.elyosenergy.com,Elyos Energy - The platform for energy flexibility and demand response âš¡,"July 20, 2023",Elyos Energy.txt,
Coba,https://www.coba.ai,Coba ğŸ‡ºğŸ‡¸ğŸ’¸ğŸ‡²ğŸ‡½ â€” Dual currency accounts for LatAm,"July 20, 2023",Coba.txt,
Talc,https://talc.ai,Talc: Debugger for your LLMs,"July 20, 2023",Talc.txt,
Spine AI,https://www.getspine.ai,ğŸš€ Spine AI â€“ Propel your products forward with AI copilots,"July 20, 2023",Spine AI.txt,
Fiber AI,https://fiber.ai/,ğŸ¤ Fiber AI - Drive revenue growth faster with AI-powered marketing automations,"July 20, 2023",Fiber AI.txt,
Shadeform,https://www.shadeform.ai/,Shadeform: Unifying ML infra across clouds - solving for the GPU shortage,"July 19, 2023",Shadeform.txt,
Martola,http://www.marto.la,Martola â€“ Save time and money on procurement,"July 19, 2023",Martola.txt,
ztool,https://ztool.co/,ZTool - Create scrapers & scripts with just a few words,"July 19, 2023",ztool.txt,
Coldreach,https://coldreach.ai/,"ğŸ¦¾ Coldreach - Personalized prospecting at scale, tailored to your needs","July 19, 2023",Coldreach.txt,
ProdTrace,https://www.prodtrace.com/,ProdTrace - AI-driven bills of material and supplier management for hardware companies,"July 19, 2023",ProdTrace.txt,
Airgoods,https://airgoods.com/,Airgoods â€“Â Faire for specialty food stores,"July 19, 2023",Airgoods.txt,
WalletKit,https://usewalletkit.com,WalletKit â€” Developer platform for building consumer-friendly web3 apps,"July 19, 2023",WalletKit.txt,
langfuse,https://langfuse.com,ğŸª¢ Langfuse - Open-source product analytics for LLM apps,"July 19, 2023",langfuse.txt,
order.link,https://www.order.link,Order.link ğŸ§© Respond to order requests in minutes,"July 18, 2023",order.link.txt,
Retake,https://getretake.com,Retake - Open-source infrastructure for vector data streams,"July 18, 2023",Retake.txt,
Pincites,https://www.pincites.com/,ğŸ“Œ Pincites: AI-powered contract negotiation,"July 18, 2023",Pincites.txt,
Ergomake,https://ergomake.dev,ğŸ§š Ergomake - Deploy a staging environment for every pull request,"July 18, 2023",Ergomake.txt,
Empirical Health,https://empirical.health,ğŸ©º Empirical Health: Proactive primary care,"July 18, 2023",Empirical Health.txt,
Linc.,https://www.linc-ai.com/,Linc ğŸ”— The intelligent email copilot for logistics,"July 17, 2023",Linc..txt,
Reworkd AI,https://reworkd.ai,ğŸ¤– Reworkd AI - The open-source Zapier of AI agents,"July 17, 2023",Reworkd AI.txt,
Affinity,https://itsaffinity.com,Affinity - The compliance training platform built for regulated industries,"July 17, 2023",Affinity.txt,
dili,https://diliai.com,ğŸ§¿ Dili: Accelerating due diligence with AI,"July 17, 2023",dili.txt,
Smobi,https://smobimarket.com/,Smobi - New age marketplace for businesses for sale,"July 17, 2023",Smobi.txt,
Serra,https://www.serra.io/,"ğŸ”¹ Serra - Low-code, modular SQL","July 17, 2023",Serra.txt,
Craftwork,https://craftwork.com/,ğŸ  Craftwork - The easy way to paint your home,"July 17, 2023",Craftwork.txt,
Kobalt Labs,https://www.kobaltlabs.com/,Kobalt Labs: Use LLMs securely on your most sensitive data,"July 17, 2023",Kobalt Labs.txt,
Subsets,https://www.subsets.com,Subsets â€“ The AI retention co-pilot for subscription businesses,"July 16, 2023",Subsets.txt,
Second,https://www.second.dev,âš« âš« Second - The world's first fully automated codebase migration platform,"July 16, 2023",Second.txt,
Helios Climate Industries,http://www.heliosclimate.io,Helios - Affordable and efficient heat pump installations,"July 15, 2023",Helios Climate Industries.txt,
SantÃ©,https://santehq.com/,SantÃ© - The all-in-one POS for liquor stores,"July 14, 2023",SantÃ©.txt,
Docsum,https://www.docsum.ai/,ğŸ” Docsum - AI contract reviewer for sales teams,"July 14, 2023",Docsum.txt,
Zelos Cloud,https://zeloscloud.io,Zelos Cloud â€“ The first cloud platform for firmware development and testing,"July 14, 2023",Zelos Cloud.txt,
Cerelyze,https://cerelyze.com,Cerelyze: Tool for engineers to implement research papers 100x faster,"July 13, 2023",Cerelyze.txt,
Sweetspot,https://www.sweetspot.so/,Sweetspot | AI-powered search engine for government contracts ğŸ”,"July 13, 2023",Sweetspot.txt,
Aglide,https://aglide.com,"Aglide - Control your team's SaaS accounts, access, & bills","July 13, 2023",Aglide.txt,
Airwork,https://www.airwork.io,ğŸ‡¨ğŸ‡¦ Airwork - Canada's on-demand frontline workforce,"July 13, 2023",Airwork.txt,
Extend,https://www.extend.app/,Extend - Build AI-powered workflows for unstructured data,"July 13, 2023",Extend.txt,
Nectar,https://nectarclimate.com,ğŸ Nectar - Making environmental data auditable and easier to collect,"July 13, 2023",Nectar.txt,
Respaid,https://www.respaid.com,Respaid - Collect 9x more small overdue bills with respectful AI ğŸ’°,"July 13, 2023",Respaid.txt,
Cyclone,https://www.usecyclone.dev/,Cyclone ğŸŒ€ Instant coding playground for your docs,"July 12, 2023",Cyclone.txt,
Leafpress,https://www.leafpress.io,ğŸ Leafpress - ESG software for Real Estate,"July 12, 2023",Leafpress.txt,
Kino AI,https://trykino.com,ğŸ“¸ Kino AI - Silicon Valley meets Hollywood,"July 12, 2023",Kino AI.txt,
"Santiago Labs, Inc.",https://santiago.app,Santiago â€“ Never let your documentation go out of date,"July 11, 2023","Santiago Labs, Inc..txt",
RightPage,https://www.rightpage.com/,RightPage â€“ Context-aware automations to give your support team superpowers,"July 11, 2023",RightPage.txt,
kapa.ai,https://www.kapa.ai/,kapa.ai: ChatGPT for developer-facing products,"July 11, 2023",kapa.ai.txt,
SID,https://www.sid.ai,SID.ai â€“ Connect AI apps to your customer's data in an afternoon,"July 11, 2023",SID.txt,
Tiptap,https://tiptap.dev/,âš«ï¸ Tiptap â€“ The developer toolkit for building collaborative apps,"July 11, 2023",Tiptap.txt,
MantleBio,https://www.mantlebio.com,ğŸ”¬ MantleBio: Scaling data driven discovery for biotech,"July 11, 2023",MantleBio.txt,
ZOKO,https://www.zoko.io/,ğŸ§   Zoko: Unleash AI inside your WhatsApp Business number,"July 11, 2023",ZOKO.txt,
Unhaze,https://unhaze.ai,Unhaze ğŸ˜¶â€ğŸŒ«ï¸ Find the deals you are most likely to close,"July 11, 2023",Unhaze.txt,
PeerDB,https://peerdb.io/,"PeerDB - Modern ETL in minutes, with SQL","July 11, 2023",PeerDB.txt,
Osium AI,https://osium.ai/,ğŸš€ Osium AI -  AI for advanced and sustainable materials discovery,"July 10, 2023",Osium AI.txt,
Mano AI,https://www.usemano.com/,ğŸ‘‹ğŸ½Â Mano - Your LLM-powered helping hand,"July 10, 2023",Mano AI.txt,
Sero AI,https://getsero.ai,Sero AI - help humans keep humans safe online,"July 10, 2023",Sero AI.txt,
Quill AI,https://quillai.co,Quill AI: The financial research assistant,"July 09, 2023",Quill AI.txt,
Cedalio,https://cedalio.com/,ğŸ’¥Â Cedalio â€” A blockchain empowered alternative to Firebase,"July 06, 2023",Cedalio.txt,
Orangewood Labs,http://www.orangewood.co,ğŸ¦¾ Orangewood Labs - RoboGPT ğŸš€,"July 06, 2023",Orangewood Labs.txt,
Arcimus,https://www.arcimus.com/,"ğŸ§  Arcimus - Create, share, and get insights from meeting notes","July 06, 2023",Arcimus.txt,
Agentive,https://www.goagentive.com,Agentive: AI-powered copilot for auditors,"July 06, 2023",Agentive.txt,
AutoInfra,https://autoinfra.ai/,â˜ï¸ğŸ’¬ AutoInfra - Infrastructure as Language,"July 06, 2023",AutoInfra.txt,
Guac,https://www.tryguac.co/,ğŸ¥‘ Guac: Ending grocery food waste with AI,"July 05, 2023",Guac.txt,
CandorIQ,https://www.candoriq.com/,CandorIQ - Headcount & compensation planning,"July 05, 2023",CandorIQ.txt,
Contour,https://trycontour.com,ğŸ”Â Contour - Deploy automated E2E tests with no-code âš¡ï¸,"July 05, 2023",Contour.txt,
Casehopper,http://www.casehopper.com,âš–ï¸Casehopper: AI-drafting for M&A lawyers,"July 05, 2023",Casehopper.txt,
Cargo,https://getcargo.io,"ğŸš¢ Cargo, the revenue architecture for modern teams","July 05, 2023",Cargo.txt,
FlowiseAI,https://flowiseai.com,Flowise - Low-code LLM apps builder,"July 05, 2023",FlowiseAI.txt,
Sohar Health,https://www.soharhealth.com,ğŸ§  Sohar Health: AI-powered medical coding for behavioral health,"July 05, 2023",Sohar Health.txt,
Wyvern AI,https://www.wyvern.ai/,ğŸ‰ Wyvern AI - Increase revenue in marketplaces with better product ranking,"July 05, 2023",Wyvern AI.txt,
QuestDB,https://questdb.io/,QuestDB Cloud - Fast SQL time-series database,"July 04, 2023",QuestDB.txt,
Elto,https://elto.ai,Elto - AI-powered parallel dialer,"July 03, 2023",Elto.txt,
UpCodes,https://up.codes/,UpCodes - Copilot for building codes,"June 29, 2023",UpCodes.txt,
Glade,https://www.gladetool.com,Glade - Enterprise grade platform for financial planning,"June 29, 2023",Glade.txt,
Wayfind,https://www.wayfind.live/,ğŸï¸ Wayfind - Your personal AI travel agent,"June 29, 2023",Wayfind.txt,
Stellar,http://www.stellarapp.io,Stellar ğŸ“ˆ - AI-powered OKRs,"June 29, 2023",Stellar.txt,
Greenlite,https://www.greenlite.ai/,Greenlite ğŸŸ¢ AI compliance teams for fintechs,"June 28, 2023",Greenlite.txt,
Intelliga Health,https://intelligahealth.com,Intelliga Health - Automating insurance workflows for medical practices,"June 28, 2023",Intelliga Health.txt,
HyLight,https://www.hylight.aero/,HyLight ğŸˆ Hydrogen airships for long range monitoring,"June 28, 2023",HyLight.txt,
Waveline,https://waveline.ai/,Waveline Extract - Reliably extract JSON from unstructured datağŸš€ğŸ“„,"June 28, 2023",Waveline.txt,
Convoy,https://getconvoy.io,Nohooks: Webhooks for platforms without webhooks,"June 28, 2023",Convoy.txt,
Trainy,https://trainy.ai/,"ğŸš… Trainy - Identify bottlenecks, boost training","June 27, 2023",Trainy.txt,
refine,https://refine.dev,refine - Open-source platform for rapidly building enterprise web applications,"June 26, 2023",refine.txt,
SafetyKit,https://www.getsafetykit.com/,SafetyKit â€” AI-powered Trust and Safety automation,"June 26, 2023",SafetyKit.txt,
Slicker,https://www.slickerhq.com,Slicker - The easiest payroll product for small European businesses,"June 26, 2023",Slicker.txt,
Line.Build,https://www.line.build/,Line: Enabling affordable building decarbonization,"June 26, 2023",Line.Build.txt,
Remy Security,https://www.remysec.com/,Remy Security - AI-powered security design reviews,"June 26, 2023",Remy Security.txt,
Artie,https://www.artie.so/,Artie - real-time data streaming for databases âš¡,"June 26, 2023",Artie.txt,
Pure ğŸª™,https://www.collectpure.com/,Pure ğŸª™ - Bloomberg Terminal for certified rare coins (Numismatics),"June 24, 2023",Pure ğŸª™.txt,
CatX,https://catx.finance,CatX - The exchange for trading and transferring risk,"June 24, 2023",CatX.txt,
Terminal,https://www.withterminal.com/,Terminal: Plaid for Telematics ğŸšš,"June 23, 2023",Terminal.txt,
Vahan,https://vahan.co,Vahan - Super cheap data annotation service,"June 22, 2023",Vahan.txt,
MagicBell,https://magicbell.com,ğŸ”” WebPushTest.com - iOS Safari web-push notifications demo & code,"June 22, 2023",MagicBell.txt,
Parsagon,https://parsagon.io,Parsagon - GPT for browser automations âš¡ï¸,"June 21, 2023",Parsagon.txt,
Sweep,https://sweep.dev/,ğŸ§¹ Sweep - AI developer that handles your tech debt,"June 21, 2023",Sweep.txt,
Drivingforce,https://www.drivingforce.co/,Drivingforce - Rippling for trucking,"June 21, 2023",Drivingforce.txt,
Eden Care,https://www.edencaremedical.com/,Eden Care - Digital health insurance for employers in Africa,"June 20, 2023",Eden Care.txt,
Supercool,https://www.supercool.xyz/,"Supercool: Automate, create, and manage digital assets","June 20, 2023",Supercool.txt,
Converge,http://www.runconverge.com,Converge - Segment for ecommerce,"June 20, 2023",Converge.txt,
Flint,http://flintk12.com/,Flint: Copilot for K-12 teachers ğŸª¨ğŸ’¥ğŸ”¥,"June 19, 2023",Flint.txt,
Orbio Earth,https://www.orbio.earth/,ğŸ›°ï¸ Orbio Earth - Monitoring methane emissions with satellites,"June 19, 2023",Orbio Earth.txt,
Roame,https://roame.travel/,âœˆï¸ Roame - Google Flights using points & miles,"June 19, 2023",Roame.txt,
Solve Intelligence,https://www.solveintelligence.com/,ğŸ’¡ Solve Intelligence - Write patents with AI,"June 16, 2023",Solve Intelligence.txt,
Monitaur,https://monitaur.xyz,Monitaur - Datadog for Web3,"June 14, 2023",Monitaur.txt,
Structured,https://www.structuredlabs.io/,ğŸªµ Structured: Customizable copilot for log analysis,"June 14, 2023",Structured.txt,
Roundtable,https://roundtable.ai,ğŸš€ Roundtable - Automated survey results,"June 14, 2023",Roundtable.txt,
Superpowered,https://superpowered.me,Superpowered - The AI copilot for your meetings,"June 14, 2023",Superpowered.txt,
OpenMeter,https://openmeter.io,OpenMeter.io: Real-time and scalable OSS metering,"June 13, 2023",OpenMeter.txt,
Laudspeaker,https://laudspeaker.com/?ref=bf,Laudspeaker In-app guide designer,"June 12, 2023",Laudspeaker.txt,
Outset,https://outset.ai/,Outset.ai - AI-powered user interviews,"June 12, 2023",Outset.txt,
Blockscope,https://www.blockscope.co/,Blockscope - Easy to use crypto tools for all!,"June 06, 2023",Blockscope.txt,
Waypoint,https://www.usewaypoint.com,Waypoint â€“ a refreshingly simple way to send data-rich transactional emails,"June 01, 2023",Waypoint.txt,
Terra,http://tryterra.co,OdinAI by Terra,"June 01, 2023",Terra.txt,
Porter,https://porter.run,Porter - Turn your AWS account into Heroku,"May 30, 2023",Porter.txt,
Locale,https://www.localemeals.com,Locale: Weâ€™re making restaurant delivery affordable,"May 25, 2023",Locale.txt,
Runway,https://runway.team,ğŸ“² ğŸš€ Build Distro by Runway,"May 24, 2023",Runway.txt,
Cosmic,https://www.cosmicjs.com,ğŸš€ Cosmic - Headless CMS and API toolkit v2.0,"May 23, 2023",Cosmic.txt,
Mesh Analytics,https://withmesh.com,Mesh: Understand what's driving revenue across marketing & sales ğŸ“ˆğŸ•µï¸â€â™€ï¸,"May 23, 2023",Mesh Analytics.txt,
Cloudthread,https://cloudthread.io,Cloudthread â˜ï¸ğŸ§˜â€â™‚ï¸ Your Cloud Cost Savings Hub,"May 17, 2023",Cloudthread.txt,
Sphere,https://www.getsphere.com/,ğŸ”® Sphere - Building a new monetization engine for content owners,"May 17, 2023",Sphere.txt,
Wondercraft,https://wondercraft.ai/,ğŸ™Â Wondercraft - Create studio-quality podcasts in seconds,"May 12, 2023",Wondercraft.txt,
Pump,https://www.pump.co/,Pump: The fastest way to save 60% on AWS,"May 11, 2023",Pump.txt,
Kraftful,http://www.kraftful.com/,Kraftful Plugin for ChatGPT - Your on-demand product coach,"May 11, 2023",Kraftful.txt,
Sequin,http://www.sequincard.com,Sequin: Banking designed with womenâ€™s best interests in mind - literally! ğŸ’ªğŸ½,"May 09, 2023",Sequin.txt,
Superpowered AI,https://superpowered.ai,Superpowered AI - Knowledge Base as a Service for LLM applications,"May 08, 2023",Superpowered AI.txt,
LanceDB,https://lancedb.com,"LanceDB ğŸ¢ - serverless, low-latency vector database for AI applications","May 04, 2023",LanceDB.txt,
Flagright,https://flagright.com,Flagright AI: A GPT-powered AI toolkit for AML compliance ops,"April 30, 2023",Flagright.txt,
Hatchways,http://www.hatchways.io,Hatchways - Making engineering interviewing look more like real work,"April 27, 2023",Hatchways.txt,
Stable,https://useStable.com,ğŸ“¬ Stable: A virtual business address & mailbox (now live in Texas and Florida),"April 27, 2023",Stable.txt,
Deekard,https://www.deekard.com,ğŸ¤– Deekard - Your autonomous assistant for data science and analytics,"April 27, 2023",Deekard.txt,
Fuse,https://www.letsfuse.com/,Fuse: Maximize coverage & conversions for financial account connections,"April 26, 2023",Fuse.txt,
Procoto,https://procoto.com,"ğŸ” Procoto - Manage RFPs, contracts, and vendors with ease","April 25, 2023",Procoto.txt,
MovingLake,https://movinglake.com,"MovingLake - Vertical-first, realtime, AI-enabled data platform","April 24, 2023",MovingLake.txt,
WareIQ,https://www.wareiq.com/,Inventory LogIQ: AI-enabled inventory planning for multi-channel consumer brands,"April 22, 2023",WareIQ.txt,
Bend,https://usebend.com/,Bend - A corporate card built for climate-friendly businesses ($100 to try it),"April 21, 2023",Bend.txt,
Zenfetch,https://www.zenfetch.com/,"Zenfetch - Real-time sales copilot for closing more deals, faster","April 20, 2023",Zenfetch.txt,
Metal,https://getmetal.io/,MotÃ¶rhead - LLM memory server built in Rust,"April 20, 2023",Metal.txt,
Tarsal,https://www.tarsal.co/,Tarsal: Data pipeline built for modern security teams,"April 19, 2023",Tarsal.txt,
Poko,http://www.pokoapp.xyz,Poko - Onramp aggregator and direct checkout for web3 wallets & marketplaces,"April 18, 2023",Poko.txt,
SST,https://sst.dev,OpenNext â€” Deploy Next.js apps to AWS,"April 18, 2023",SST.txt,
Zidisha,https://www.zidisha.org,Zidisha - Crowdfunding for developing country entrepreneurs,"April 17, 2023",Zidisha.txt,
Better Opinions,https://betteropinions.in/,ğŸš€ Better Opinions: Prediction market of India,"April 14, 2023",Better Opinions.txt,
communion,http://www.communion.so,ğŸ¥ communion - growth analytics dashboards + AI creative suite,"April 13, 2023",communion.txt,
Argonaut,https://argonaut.dev,"Argonaut: Simple, flexible deployments of apps and infra to your cloud","April 12, 2023",Argonaut.txt,
Swifteam,https://www.swifteam.com,Swifteam - Mobile Device Management (MDM) with global Zero Touch Deployment (ZTD),"April 12, 2023",Swifteam.txt,
Striga,https://striga.com/,Striga - Crypto-backed card issuing APIs,"April 12, 2023",Striga.txt,
Scispot,https://scispot.io,Scispot GLUE - Stitch your biotech R&D data,"April 11, 2023",Scispot.txt,
1build,https://1build.com/,ğŸ—ï¸ 1build - Plaid for construction cost data,"April 10, 2023",1build.txt,
Nirva,https://nirvahealth.com,Nirva: Redefining chronic disease management,"April 06, 2023",Nirva.txt,
Rainmaker,http://www.rainmaker.nyc,Rainmaker - DeFi for everyone,"April 05, 2023",Rainmaker.txt,
Intently,https://www.getintently.ai/,ğŸš€ Intently - Identify the best sales targets using AI,"April 05, 2023",Intently.txt,
Semantic Finance,https://semanticfinance.com,Semantic Finance: Real-time AI-powered financial news data,"April 03, 2023",Semantic Finance.txt,
Sensible Biotechnologies,https://sensible.bio,Sensible Biotechnologies: Engineering cells to make better mRNA ğŸ§¬,"April 03, 2023",Sensible Biotechnologies.txt,
Squack,http://squack.io,Squack - Natural language RPA tools for accountants,"March 31, 2023",Squack.txt,
LinkGrep,https://linkgrep.com,LinkGrep: AI browser copilot for teams,"March 31, 2023",LinkGrep.txt,
Coldreach,https://coldreach.ai/,âœï¸ Coldreach: Automate sales email personalization for 10x conversions,"March 30, 2023",Coldreach.txt,
Numeral,https://numeralhq.com/,Numeral - Ecommerce sales tax on autopilot,"March 30, 2023",Numeral.txt,
SpadeWorks,https://www.spadeworks.co,SpadeWorks: One stop maintenance solutions for SMBs,"March 30, 2023",SpadeWorks.txt,
Swishjam,https://swishjam.com,Swishjam - Open-source suite of page speed optimization tools,"March 29, 2023",Swishjam.txt,
Radiant,https://useradiant.com,ğŸš€ Reviewify.io - AI powered code reviews,"March 29, 2023",Radiant.txt,
TeamOut,https://www.teamout.com/,"TeamOut ğŸ, the retreat planning platform","March 28, 2023",TeamOut.txt,
Glass Health,http://glass.health,Glass AI - GPT for doctors,"March 28, 2023",Glass Health.txt,
Flair Labs,https://www.flairlabs.ai/,Flair Labs ğŸ”¥ Unlock critical insights from conversation data with LLMs,"March 27, 2023",Flair Labs.txt,
Theya,https://www.theya.us/,"Theya: World's simplest Bitcoin multi-sig, self-custody app","March 27, 2023",Theya.txt,
Finex,https://getfinex.com,Finex - All-in-one financial platform for e-commerce,"March 27, 2023",Finex.txt,
Layerup,https://www.uselayerup.com/,Layerup: ChatGPT for data analytics and business intelligence,"March 23, 2023",Layerup.txt,
Homeflow,https://www.homeflow.me/,Homeflow ğŸ  - Simplifying insurance for large real estate investors,"March 23, 2023",Homeflow.txt,
Mantys,https://www.mantys.io/,Mantys: ARR tracking and forecasting tool for SaaS companies,"March 23, 2023",Mantys.txt,
DailyBot,https://www.dailybot.com/,DailyBot+ AI ğŸ§  The assistant and toolkit for modern teams,"March 23, 2023",DailyBot.txt,
Berilium,https://berilium.com/,Berilium - Invest in top Private Equity and Private Credit starting at $10k,"March 22, 2023",Berilium.txt,
DailyPe,https://DailyPe.in,DailyPe - Repay your loans daily,"March 21, 2023",DailyPe.txt,
Narrative,https://www.trynarrative.com/,Narrative - Bill.com for the logistics industry,"March 21, 2023",Narrative.txt,
Warrant,https://warrant.dev/,Warrant - Open source application authorization and access control,"March 21, 2023",Warrant.txt,
Ruby Card,https://www.spendruby.com,ğŸ’ Ruby Card: The bank for e-commerce businesses,"March 20, 2023",Ruby Card.txt,
Pursuit,https://pursuitoutside.com/,Pursuit Properties â€“ Own a slice of beauty & solitude,"March 20, 2023",Pursuit.txt,
Magicflow ğ‚‚,https://magicflow.ai,Magicflow - Webflow for AI development,"March 20, 2023",Magicflow ğ‚‚.txt,
Fluid Markets,http://www.fluidinvesting.com,Fluid Markets - Exchange to invest in company earnings,"March 20, 2023",Fluid Markets.txt,
Double,https://usedouble.com,Double â€” Internet-capable GPT bots to automate repetitive work,"March 17, 2023",Double.txt,
Extend,https://www.extend.app/,Extend - Build internal Chrome extensions that give your team superpowers,"March 17, 2023",Extend.txt,
Fairway Health,https://www.fairwayhealth.co/,Fairway Health - Process prior authorization faster,"March 16, 2023",Fairway Health.txt,
Dittofeed,http://dittofeed.com,Dittofeed - The first open-source customer engagement platform with developer tools,"March 16, 2023",Dittofeed.txt,
Superteam,http://getsuperteam.com,âš¡Superteam â€“ AI that manages Customer Service & Sales for you,"March 15, 2023",Superteam.txt,
Credal.ai,https://credal.ai,Credal: Control how AI uses your data,"March 15, 2023",Credal.ai.txt,
ShortLoop,https://shortloop.dev/,ğŸš€ ShortLoop - Automated API platform for fast-moving teams,"March 15, 2023",ShortLoop.txt,
Lightski,https://www.lightski.com,ğŸ”ï¸Â Lightski: ChatGPT for sales teams,"March 15, 2023",Lightski.txt,
Castled Data,https://castled.io/,Castled - Build audiences on your data warehouse without SQL,"March 15, 2023",Castled Data.txt,
Parsagon,https://parsagon.io,Parsagon: Universal API for product data,"March 14, 2023",Parsagon.txt,
Shyp,http://shyp.co.in/,Shyp: Marketplace for freight movement in India ğŸšš ğŸšš,"March 14, 2023",Shyp.txt,
Layup,http://www.layupai.com,"Layup: Complete your workflows, with just one line ğŸ€âš¡ï¸","March 14, 2023",Layup.txt,
Vaero,https://vaero.co,Vaero - Fivetran for log data,"March 14, 2023",Vaero.txt,
Nango,https://nango.dev,ğŸ”ŒÂ Nango: Get OAuth tokens for APIs. Fast & secure.,"March 14, 2023",Nango.txt,
Fastgen,https://fastgen.com,Fastgen - Low-Code API and workflow builder,"March 14, 2023",Fastgen.txt,
Neptyne,https://neptyne.com,Neptyne - The spreadsheet reimagined for the AI era,"March 14, 2023",Neptyne.txt,
Iliad,https://iliad.ai,Iliad - Creative tool for generating game assets,"March 13, 2023",Iliad.txt,
PoloPay,https://polopay.co/,ğŸ…¿ï¸PoloPay - Dynamic menus for LatAm restaurants and coffee shops,"March 13, 2023",PoloPay.txt,
Teclada,https://www.teclada.com/,âŒ¨ï¸ Teclada: The modern terminal for modern developers,"March 13, 2023",Teclada.txt,
Rivet,https://rivet.gg,ğŸ‘¾ Rivet - Heroku for multiplayer games,"March 13, 2023",Rivet.txt,
Rosettic,https://rosettic.com,Rosettic â€” Break down cloud costs by product and customer,"March 13, 2023",Rosettic.txt,
SuperAPI,https://trysuperapi.com,SuperAPI - Make all your fetch APIs cacheable,"March 11, 2023",SuperAPI.txt,
inBuild,https://www.inbuild.ai/,inBuild - Financial automation for home builders,"March 11, 2023",inBuild.txt,
Invitris,https://invitris.com/,INVITRIS - Simplifying drug development & manufacturing,"March 10, 2023",Invitris.txt,
Portalform,https://portalform.com,"Portalform: The API data you need, straight from your database","March 10, 2023",Portalform.txt,
1stCollab,https://1stcollab.com/,1stCollab â€” Run an influencer marketing campaign in less than 30 minutes ğŸ‰,"March 10, 2023",1stCollab.txt,
Muffin Data,http://www.muffindata.com,Muffin Data â€” Simple analytics for food and beverage brands,"March 10, 2023",Muffin Data.txt,
Cakework,https://www.cakework.com,Cakework - Custom user code in any developer product,"March 10, 2023",Cakework.txt,
Mogara,https://mogara.com,Mogara - Automatic software R&D capitalization ğŸ’°,"March 10, 2023",Mogara.txt,
LaunchFlow,https://launchflow.com/,"BuildFlow - Open source framework for easy, fast, and reliable data pipelines","March 10, 2023",LaunchFlow.txt,
Omnistrate,http://www.omnistrate.com,Omnistrate - Cloud platform to SaaSify your open-source project ğŸš€,"March 10, 2023",Omnistrate.txt,
Untether Labs,https://untetherlabs.com,Untether Labs  Â·  Smart scheduling for digital clinics,"March 09, 2023",Untether Labs.txt,
CreatorML,https://creatorml.com/,CreatorML - ML-Powered Predictive Analytics for YouTube Creators,"March 09, 2023",CreatorML.txt,
Galaxy,https://galaxysdk.com,Galaxy ğŸ•¹ï¸ - Social multiplayer for games,"March 09, 2023",Galaxy.txt,
Avoca,https://www.avoca.ai/,Avoca â€“ AI-powered communications platform for SMBs,"March 09, 2023",Avoca.txt,
Feather,https://try-feather.com,Feather â€” Bloomberg Terminal for retail traders,"March 09, 2023",Feather.txt,
Keep,https://www.keephq.dev,Keep - Open source alerting CLI,"March 09, 2023",Keep.txt,
Honeydew,https://honeydew.ai,ğŸˆ Honeydew  - one truth to rule them all,"March 09, 2023",Honeydew.txt,
Sirdab,https://sirdab.co/en,Sirdab - Cloud warehousing & transportation services in MENA,"March 08, 2023",Sirdab.txt,
Trackstar,https://www.trackstarhq.com/,Trackstar â€“ Plaid for supply chain logistics,"March 08, 2023",Trackstar.txt,
Inboxbooster,https://www.inboxbooster.com,Inboxbooster: Get back to the inbox,"March 08, 2023",Inboxbooster.txt,
Hadrius,https://www.hadrius.com,Hadrius - SEC regulatory compliance powered by AI,"March 08, 2023",Hadrius.txt,
Gloo,https://www.trygloo.com/,Gloo: Empower LLMâ€™s with domain-specific knowledge,"March 08, 2023",Gloo.txt,
Persana AI,https://www.persana.ai/,ğŸ¯ğŸ“ˆ Persana AI - Sales copilot to boost productivity,"March 08, 2023",Persana AI.txt,
Palomma,http://www.palomma.com/,Palomma ğŸ•Šï¸ - Frictionless Pay by Bank for LatAm,"March 08, 2023",Palomma.txt,
Clueso,https://clueso.io,ğŸš€ Clueso : Create in-app tours that never go out-of-date,"March 08, 2023",Clueso.txt,
Stralis Aircraft,https://stralis.aero/,Stralis ğŸ›« - Emission free hydrogen electric aircraft,"March 07, 2023",Stralis Aircraft.txt,
Laudspeaker,https://laudspeaker.com/?ref=bf,Laudspeaker v1.1.0 open-source customer journey automation - a braze / iterable alternative,"March 07, 2023",Laudspeaker.txt,
Atri Labs,https://atrilabs.com,ğŸ§˜â€â™‚ï¸ Atri: The open-source Python web framework to create stunning apps,"March 07, 2023",Atri Labs.txt,
Mozart Data,http://www.mozartdata.com,Mozart Data Sonata - we set up and maintain world-class data infrastructure (ELT & Warehousing) for FREE,"March 07, 2023",Mozart Data.txt,
KURUKURU,https://kurukuru.xyz/,KURUKURU: 3D engine in the browser for comics creation,"March 07, 2023",KURUKURU.txt,
Paperplane,https://www.paperplane.ai/,Paperplane - Automatically update Salesforce after sales calls using NLP.,"March 07, 2023",Paperplane.txt,
Lume,https://www.lume.ai,Lume - No-code tool to create and maintain custom data integrations,"March 07, 2023",Lume.txt,
Diffuse Bio,http://diffuse.bio,ğŸ§ª âš›ï¸ Diffuse Bio: Generative AI for protein design,"March 06, 2023",Diffuse Bio.txt,
Coperniq,https://coperniq.io,ğŸ˜â˜€ï¸ Coperniq â€” Workflow software for solar & energy contractors,"March 06, 2023",Coperniq.txt,
Floworks,https://floworks.ai/,Floworks: Close more deals with CRMÂ on Slack,"March 06, 2023",Floworks.txt,
Pledge Health,https://www.pledge.health/,Pledge Health - Automated patient billing for healthcare clinics,"March 06, 2023",Pledge Health.txt,
Syncly,https://syncly.app/,ğŸš€ Syncly â€” AI customer feedback analytics that drives retention,"March 06, 2023",Syncly.txt,
Thread,http://www.usethread.io,Thread - Incident management for large enterprises,"March 06, 2023",Thread.txt,
FlexWash,https://www.flexwashtech.com/,ğŸš˜ğŸ’¦FlexWash - An operating system for car washes,"March 06, 2023",FlexWash.txt,
Planar,https://www.useplanar.com,âš¡Â Planar - Add 10x features to GitHub code review,"March 06, 2023",Planar.txt,
Sherloq,http://sherloqdata.io/,âš¡ğŸ” Sherloq: Collaborate and manage your SQL data with the power of Gen AI,"March 06, 2023",Sherloq.txt,
Koala Ops,https://koalaops.com/,Koala Ops - Kubernetes the easy way ğŸš€,"March 05, 2023",Koala Ops.txt,
PlayHT,https://play.ht/,PlayHT: The Generative AI voice platform,"March 05, 2023",PlayHT.txt,
Inri,https://goinri.com,Inri - Wealthfront for Indian expats,"March 04, 2023",Inri.txt,
Flower,https://flower.dev,Flower: Train AI on distributed data,"March 03, 2023",Flower.txt,
Dream3D,https://dream3d.com,Dream3D ğŸ˜ˆ - AI-powered 3D design,"March 03, 2023",Dream3D.txt,
MagnaPlay,https://magnaplay.com,MagnaPlay â€” AI-powered game translation,"March 03, 2023",MagnaPlay.txt,
Texel.ai,https://texel.ai,Texel: Optimizing AI and video pipelines,"March 03, 2023",Texel.ai.txt,
AiFlow,https://www.aiflow.solutions,AiFlow: LLMs for private equity diligence,"March 03, 2023",AiFlow.txt,
Psychic,https://www.psychic.dev,Psychic: Universal API for unstructured data,"March 02, 2023",Psychic.txt,
Ekho Dealer,https://www.ekhodealer.com,Ekho Dealer: Enabling manufacturers to sell their vehicles online,"March 02, 2023",Ekho Dealer.txt,
Yuma,https://yuma.ai,Yuma - ChatGPT for customer support,"March 02, 2023",Yuma.txt,
Electric Air,https://www.electricair.io/,âš¡Electric Air - Tesla for heat pumps,"March 02, 2023",Electric Air.txt,
Nebula,https://www.trynebula.com/,Nebula ğŸŒŒ - Understand & debug enterprise-scale codebases,"March 02, 2023",Nebula.txt,
Constant,https://useconstant.com,Constant â€” Earn 10%+ yields with top-tier private credit funds,"March 02, 2023",Constant.txt,
DAGWorks Inc.,https://dagworks.io/,DAGWorks: Avoid Machine Learning Pipeline horror stories ğŸ˜±,"March 02, 2023",DAGWorks Inc..txt,
Cerebrium,https://www.cerebrium.ai/,Cerebrium: An AWS Sagemaker alternative,"March 02, 2023",Cerebrium.txt,
Vooma,https://www.vooma.ai,ğŸš› Vooma - Backoffice automation for logistics,"March 02, 2023",Vooma.txt,
Milio,http://www.miliopay.com,Milio - B2B payments infrastructure for emerging markets,"March 02, 2023",Milio.txt,
Storyboarder,https://storyboarder.com,"Storyboarder - Create, buy, and sell webcomics","March 02, 2023",Storyboarder.txt,
Peeba,http://peeba.com/,ğŸš€ Peeba - Faire for Asia,"March 01, 2023",Peeba.txt,
Momentum Foods,http://www.momentumfoods.com,Momentum Foods,"March 01, 2023",Momentum Foods.txt,
Forfeit,https://www.forfeit.app/,ğŸ“± Forfeit App - Complete your habits or we take your money,"March 01, 2023",Forfeit.txt,
Cardinal,http://cardinalapp.io,â˜•ï¸ Cardinal - Enabling product teams to build measurable features,"March 01, 2023",Cardinal.txt,
Trigo,https://trigodata.com/,ğŸ  Trigo ğŸ  Rent data API for landlords and lenders,"March 01, 2023",Trigo.txt,
Parlan,https://parlan.io,Parlan - Spreadsheets that talk to your data warehouse,"March 01, 2023",Parlan.txt,
Intrinsic,https://withintrinsic.com,ğŸŒ” Intrinsic - Safety tooling for Trust & Safety teams,"March 01, 2023",Intrinsic.txt,
Luca,https://www.askluca.com/,Luca - Meet the pricing co-pilot for e-commerce businesses.,"March 01, 2023",Luca.txt,
Bluedot,https://thebluedot.co/,(ğŸŒ) Bluedot - Single payment solution for electric vehicle drivers and fleets,"March 01, 2023",Bluedot.txt,
Propify,https://getpropify.com,Propify: Plaid for Real Estate ğŸ¢,"March 01, 2023",Propify.txt,
Inkeep,https://inkeep.com,inkeep - Conversational search for your developer product ğŸ’¬ğŸ”,"March 01, 2023",Inkeep.txt,
Baselit,https://www.baselit.ai,âš¡ï¸ Baselit: AI copilot for analytics,"March 01, 2023",Baselit.txt,
Hammr,https://www.hammr.com,Hammr â€” Rippling for the construction industry ğŸ”¨,"March 01, 2023",Hammr.txt,
Mirio,https://www.mirio.org/,ğŸª„Â Mirio - Spin up personalized demos for your API product in minutes,"March 01, 2023",Mirio.txt,
Vocode,https://vocode.dev,ğŸ¤– Vocode: Open source voice AI on top of LLMs,"March 01, 2023",Vocode.txt,
Berry,https://berryapp.io/yc,"ğŸ“Â Berry - A Chrome extension that turns any web app multiplayer, like Figma","March 01, 2023",Berry.txt,
Rubbrband,https://rubbrband.com,Rubbrband: Train open-source ML models in a line of code,"March 01, 2023",Rubbrband.txt,
Nara,https://trynara.com,ğŸ”˜ Nara: The personalized nutritionist in your pocket,"March 01, 2023",Nara.txt,
PromptLoop,https://www.promptloop.com/,PromptLoop: AI with a simple spreadsheet formula,"February 28, 2023",PromptLoop.txt,
Kyber,https://askkyber.com,Kyber - ChatGPT for enterprise support,"February 28, 2023",Kyber.txt,
Jaldi,https://getjaldi.com/,ğŸ›’ğŸ¥­ Jaldi â€“ South Asian Groceries Delivered!,"February 28, 2023",Jaldi.txt,
Plutis,https://plutis.io,Plutis - Semantic search as a service,"February 28, 2023",Plutis.txt,
Pair AI,https://www.pairai.com/,Pair AI - Monetize your knowledge in a scalable way,"February 28, 2023",Pair AI.txt,
Cloudchipr,https://cloudchipr.com/,Cloudchipr streamlines the cloud operations,"February 28, 2023",Cloudchipr.txt,
Doctor Droid,https://drdroid.io/,Doctor Droid: Proactively detect issues before it impacts your customers,"February 28, 2023",Doctor Droid.txt,
Vellum,https://www.vellum.ai/,Vellum - Build production-worthy LLM applications,"February 28, 2023",Vellum.txt,
BuildJet,https://buildjet.com,"BuildJet - Change 1 line, get 2x faster & cheaper GitHub Action builds","February 28, 2023",BuildJet.txt,
Upfront,https://knowupfront.com,Upfront âš¡ï¸ - Turning rebates into instantly lower prices,"February 27, 2023",Upfront.txt,
Mendable,https://www.mendable.ai,ğŸ” Mendable - Embeddable chat powered search for your developer products,"February 27, 2023",Mendable.txt,
Orchid,https://orchid.health,Orchid â€“ The most efficient EHR for independent mental health professionals,"February 27, 2023",Orchid.txt,
Waveline,https://waveline.ai/,ğŸŒŠ Waveline - The fastest way to integrate AI into your business!,"February 27, 2023",Waveline.txt,
Wallbit Pay,https://wallbit.io,Wallbit: Neobank in the US for global remote workers,"February 27, 2023",Wallbit Pay.txt,
Warp,https://www.joinwarp.com/,Warp â€“ Modern payroll and compliance for startups,"February 27, 2023",Warp.txt,
Serial,https://www.serial.io/,Serial - Unify your manufacturing data,"February 27, 2023",Serial.txt,
Metal,https://getmetal.io/,Metal: Helping developers easily implement machine learning embeddings,"February 27, 2023",Metal.txt,
Dill,https://usedill.com/,ğŸŒ¿ Dill - Faster payments in foodservice distribution,"February 26, 2023",Dill.txt,
Kraftful,http://www.kraftful.com/,Kraftful â€“ ChatGPT for product research,"February 26, 2023",Kraftful.txt,
Resync,https://resync.ai,ğŸŸª Resync: Inbox Zero for PMs and Eng Managers who are feeling swamped,"February 26, 2023",Resync.txt,
Miracle,http://miracleml.com,Miracle - Speeding up clinical trials ğŸ’Š,"February 24, 2023",Miracle.txt,
SpeedyBrand,https://speedybrand.io,Speedy - Democratizing marketing to SMBs,"February 24, 2023",SpeedyBrand.txt,
Helicone,https://www.helicone.ai/,Helicone - Open-source observability platform for generative AI,"February 23, 2023",Helicone.txt,
Backdrop (previously Twig),https://www.joinbackdrop.com,"Backdrop (previously Twig) ğŸ¬: Global expense management for the film, TV, and music production industry ğŸš€","February 23, 2023",Backdrop (previously Twig).txt,
Truewind,https://www.truewind.ai/,â›µï¸ Truewind: AI-powered bookkeeping and finance software for startups,"February 23, 2023",Truewind.txt,
Codeparrot,https://www.codeparrot.ai/,CodeParrot ğŸ¦œ - Automate API Testing using production traffic,"February 23, 2023",Codeparrot.txt,
Pierre,https://heypierre.app,Pierre - A new way to review code,"February 23, 2023",Pierre.txt,
Automat (formerly lasso),https://www.runautomat.com/,Automat (formerly Lasso) ğŸ¤  - Robotic process automation for Chrome using ChatGPT and computer vision,"February 23, 2023",Automat (formerly lasso).txt,
Marble,https://www.rentmarble.com,ğŸ  Marble â€” An automated property manager for $50/mo,"February 23, 2023",Marble.txt,
Noya Software,https://noya.io,"ğŸ§‘â€ğŸ’» Noya - Draw wireframes, get designs & code","February 23, 2023",Noya Software.txt,
Bujeti,https://www.bujeti.com,ğŸ’³ğŸ“ˆ Bujeti - Corporate cards and expense management platform for African businesses,"February 23, 2023",Bujeti.txt,
Trigger.dev,https://trigger.dev,âœ¨ Trigger.dev: The developer-first open source Zapier alternative,"February 23, 2023",Trigger.dev.txt,
Infisical,https://infisical.com,ğŸ’š Infisical - The open source secrets manager for developers,"February 23, 2023",Infisical.txt,
Finni Health,https://www.finnihealth.com/,Finni Health - Platform for autism care providers ğŸ¦Š,"February 23, 2023",Finni Health.txt,
qoohoo,https://qoohoo.in/,qoohoo - monetize your audience across all platforms,"February 23, 2023",qoohoo.txt,
Mirrorful,https://www.mirrorful.com/,ğŸš€ Mirrorful - Create the building blocks for fast frontend development,"February 23, 2023",Mirrorful.txt,
Sled,https://getdot.ai,ğŸ¦Š Dot - Chat with your data warehouse,"February 23, 2023",Sled.txt,
Resend,https://resend.com,Resend - Email API for developers,"February 23, 2023",Resend.txt,
Fabra,https://www.fabra.io,Fabra: Easily integrate with your customer's data warehouse,"February 22, 2023",Fabra.txt,
coil,http://www.trycoil.com,coil - cut fees & kill churn with seamless bank payments ğŸš«ğŸ’³,"February 22, 2023",coil.txt,
Buildt,http://www.buildt.ai,Buildt: LLM powered codebase search and multi-file code generation,"February 22, 2023",Buildt.txt,
Booth AI,https://booth.ai,Booth.ai - Easy product photography with Generative AI,"February 22, 2023",Booth AI.txt,
Blyss,https://blyss.dev/,Blyss - the SDK for privacy.,"February 22, 2023",Blyss.txt,
Onu,https://joinonu.com,Onu - Turn scripts into internal tools without doing any frontend work,"February 22, 2023",Onu.txt,
Lavo Life Sciences,https://www.lavo.ai/,âš›ï¸ Lavo Life Sciences - Computer simulations of drug molecules,"February 22, 2023",Lavo Life Sciences.txt,
Bluebirds,https://www.bluebirds.ai,Bluebirds - Resell to past customers who switched jobs,"February 22, 2023",Bluebirds.txt,
Byterat,https://www.byterat.io,Byterat: Data infra for battery R&D and production,"February 22, 2023",Byterat.txt,
Koywe,https://koywe.com,Koywe - The on and off ramp for crypto in Latam,"February 22, 2023",Koywe.txt,
Clad,https://withclad.com/,Clad - Software to manage telecom subcontractors,"February 22, 2023",Clad.txt,
Second,https://www.second.dev,ğŸ‘¥ Second â€“ The second developer bot you've always wanted,"February 22, 2023",Second.txt,
SpecCheck,https://www.speccheckrx.com/,ğŸ‘“ SpecCheck - Unifying how the optical industry does business,"February 21, 2023",SpecCheck.txt,
Chart,https://getcharteditor.com,âš¡ Chart - Lightning-fast inference servers in your cloud,"February 21, 2023",Chart.txt,
OfOne,https://www.of.one,ğŸ¤– ğŸŒ® OfOne - Automating order taking at fast food drive-thrus,"February 21, 2023",OfOne.txt,
TorMagnus Pharmaceuticals,https://www.tormagnuspharmaceuticals.com/,TorMagnus - Finding better treatments for Parkinsonâ€™s disease,"February 21, 2023",TorMagnus Pharmaceuticals.txt,
Escape,https://escape.tech,ğŸ›¡ Escape - Secure your GraphQL APIs,"February 21, 2023",Escape.txt,
Fondo,http://tryfondo.com,âœ… Fondo - $1 Delaware Franchise Tax (due in 9 days),"February 21, 2023",Fondo.txt,
moonrepo,https://moonrepo.dev,ğŸŒ‘ moonrepo - Simplifying codebase management and organization,"February 21, 2023",moonrepo.txt,
Mercoa,http://mercoa.com,Mercoa: The accounts payable & BillPay API for B2B fintechs,"February 21, 2023",Mercoa.txt,
GoodCourse,https://www.goodcourse.co,GoodCourse - Compliance training for modern teams,"February 20, 2023",GoodCourse.txt,
Questa,https://www.questadata.com,Questa â€“ Just ask your data warehouse!,"February 20, 2023",Questa.txt,
Pigeon,https://www.pigeondocuments.com/,"ğŸ¦ Pigeon - Document collection made easy, organized and secure","February 20, 2023",Pigeon.txt,
PoplarML,http://poplarml.com,ğŸŒ³ PoplarML â€“ Deploy machine learning models with one command,"February 20, 2023",PoplarML.txt,
JustPaid.io,https://www.justpaid.io,JustPaid.io (Loopfour) - Spend confidently with smart financial tools,"February 20, 2023",JustPaid.io.txt,
Decoherence,https://decoherence.co,â–¶ï¸ Decoherence: Create video with prompts,"February 17, 2023",Decoherence.txt,
Fabius,https://fabius.io,ğŸ“ˆ Fabius - Unlock the power of your sales process and drive urgency to win more deals,"February 16, 2023",Fabius.txt,
rift,https://getrift.com,"ğŸ“® rift â€” Close more deals, without landing in spam","February 16, 2023",rift.txt,
Tennr,https://www.tennr.com,Tennr â€“ Custom Large Language models without engineering.,"February 16, 2023",Tennr.txt,
Versori,https://www.versori.com/,Versori - System & data integration platform,"February 16, 2023",Versori.txt,
Defer,https://www.defer.run,Defer: A zero-infrastructure platform for Node.js background jobs,"February 16, 2023",Defer.txt,
Axolo,https://axolo.co,ğŸ¦ GitLab Integrations: The store to find your next GitLab app,"February 16, 2023",Axolo.txt,
Flasho,https://flasho.io/,Flasho: Open source customer notifications for developers,"February 16, 2023",Flasho.txt,
Type,https://type.ai,Type â€“ an AI-first document editor,"February 15, 2023",Type.txt,
Wild Moose,https://wildmoose.ai,ğŸ”¥ Wild Moose: Solve production incidents faster with Gen AI,"February 15, 2023",Wild Moose.txt,
Anarchy,https://anarchy.ai,Anarchy ğŸ§ª - LLM infrastructure for building conversational applications ğŸ—ï¸,"February 14, 2023",Anarchy.txt,
Outerbase,https://www.outerbase.com,ğŸ‘¾ Outerbase â€“ Interface for your database,"February 14, 2023",Outerbase.txt,
Linum,https://www.linum.ai/,ğŸ¥ Linum - Midjourney for video,"February 14, 2023",Linum.txt,
OpenSight,https://www.opensight.ai,OpenSight - Automate your customer support questions (and actions!),"February 14, 2023",OpenSight.txt,
clearspace,https://getclearspace.com,â—»ï¸ clearspace: eliminate compulsive phone use forever,"February 13, 2023",clearspace.txt,
Oto,https://www.joinoto.com,ğŸ‘‚ Oto: Get your life back from Tinnitus,"February 13, 2023",Oto.txt,
Meticulous,https://www.meticulous.ai,Meticulous: AI to catch UI bugs without writing or maintaining tests,"February 13, 2023",Meticulous.txt,
Persist AI,http://www.persist-ai.com,Persist - We build long-lasting drugs 50% faster ğŸ’Š,"February 13, 2023",Persist AI.txt,
Fern,https://www.buildwithfern.com,Fern - SDKs and documentation for your API âš¡,"February 10, 2023",Fern.txt,
Arroyo,https://www.arroyo.dev,Arroyo - Serverless stream processing,"February 09, 2023",Arroyo.txt,
Pando Bioscience,,Pando Bioscience: Innovating drug discovery,"February 09, 2023",Pando Bioscience.txt,
OpenMeter,https://openmeter.io,Tailfin - Maximize revenue with usage-based pricing,"February 09, 2023",OpenMeter.txt,
UpTrain AI,https://uptrain.ai/,UpTrain - Open-source tool to observe your ML models âš™ï¸ ğŸ”§,"February 09, 2023",UpTrain AI.txt,
EdgeBit,https://edgebit.io,EdgeBit - Secure your software supply chain,"February 08, 2023",EdgeBit.txt,
LaunchFlow,https://launchflow.com/,"LaunchFlow - Design, develop, deploy in VSCode","February 08, 2023",LaunchFlow.txt,
Drip,https://dripapp.com.br/,Drip - Shop and pay in installments anywhere,"February 08, 2023",Drip.txt,
Map3,https://map3.xyz,ğŸ’¸ Map3 â€” Supercharge crypto deposits,"February 08, 2023",Map3.txt,
Apollo Group,http://www.apollo-group.io,Apollo -- AI lab focused on emerging markets,"February 08, 2023",Apollo Group.txt,
Rubber Ducky Labs,https://www.rubberduckylabs.io/,Rubber Ducky Labs: Stop recommending ski jackets in June,"February 07, 2023",Rubber Ducky Labs.txt,
Blocksfabrik,https://www.blocksfabrik.com/,{ğŸŸ¦} Blocksfabrik: Create your own design system without all the work,"February 07, 2023",Blocksfabrik.txt,
Kivo Health,https://kivohealth.com,Kivo Health - Telehealth lung rehab,"February 06, 2023",Kivo Health.txt,
Vector,https://vector.co,Vector: Unlock the value of your customer conversations,"February 06, 2023",Vector.txt,
CodeComplete,https://codecomplete.ai,CodeComplete - GitHub Copilot for Enterprise,"February 06, 2023",CodeComplete.txt,
highlight.io,https://www.highlight.io/,highlight.io - Open-source session replay & error monitoring,"February 02, 2023",highlight.io.txt,
pyq,https://www.pyqai.com,âš¡ Pyq - Easy AI integration into applications,"February 02, 2023",pyq.txt,
Whalesync,https://www.whalesync.com,Whalesync - 2-way sync your no-code tools,"February 01, 2023",Whalesync.txt,
BidSight,https://bidsight.io/,BidSight ğŸ—ï¸ - Modernizing pre-construction for CRE developers,"February 01, 2023",BidSight.txt,
Adventris Pharmaceuticals,https://adventris.com,Adventris Pharmaceuticals - We make cancer vaccines!,"January 31, 2023",Adventris Pharmaceuticals.txt,
NuCypher,https://www.nucypher.com/,tBTC ğŸ’¸ The truly decentralized bridge between Bitcoin and Ethereum,"January 31, 2023",NuCypher.txt,
Modulari-T,https://modularit.bio,ğŸš€ Modulari-T ğŸ§¬ Unleash the full power of the immune system,"January 31, 2023",Modulari-T.txt,
Vitalize Care,https://vitalizecare.co,Vitalize Care ğŸ’œÂ Improving the mental health of healthcare professionals,"January 30, 2023",Vitalize Care.txt,
Quazel,https://quazel.com,Quazel - Talk your way to fluency,"January 30, 2023",Quazel.txt,
BabylonAI,https://babylonai.dev,Babylog: A lightweight open-source logging library for computer vision,"January 30, 2023",BabylonAI.txt,
Welcome,http://www.experiencewelcome.com,Welcome: A webinar platform designed to drive revenue,"January 30, 2023",Welcome.txt,
Invopop,https://www.invopop.com/,Invopop - Global sales tax compliance with a single integration,"January 29, 2023",Invopop.txt,
Trellus,https://www.trellus.ai,Trellus - real-time sales AI coach for cold calls,"January 29, 2023",Trellus.txt,
Meru,https://usemeru.com,Meru - Bring generative content to your application,"January 27, 2023",Meru.txt,
GradientJ,https://www.gradientj.com,GradientJ - Build and manage GPT3 ğŸ¤– applications at scale,"January 26, 2023",GradientJ.txt,
Glass Health,http://glass.health,Glass Health â€” Frictionless software for learning and practicing medicine ğŸ©º,"January 25, 2023",Glass Health.txt,
Middleware,https://www.middleware.io,"ğŸš€ Middleware ğŸ“Š : A unified observability platform for cloud native, microservices and distributed apps","January 25, 2023",Middleware.txt,
Keeling Labs,http://keelinglabs.com,Keeling Labs: Applied AI for batteries in the grid,"January 25, 2023",Keeling Labs.txt,
Activepieces,https://www.activepieces.com,Activepieces â€“ Open source alternative to Zapier,"January 24, 2023",Activepieces.txt,
Drift Bio,https://driftbio.com,Drift Bio: The operating system for life sciences data,"January 24, 2023",Drift Bio.txt,
OutSail Shipping,https://www.outsailshipping.com/,OutSail Shipping - Sustainable wind-powered container ships,"January 23, 2023",OutSail Shipping.txt,
8vdX,http://www.8vdx.com,8vdX - Extend your seed extension with a â€˜seedex boosterâ€™ of up to $1M,"January 23, 2023",8vdX.txt,
SigNoz,https://signoz.io,"SigNoz - Open source alternative to DataDog, New Relic","January 23, 2023",SigNoz.txt,
FlexDesk,https://www.flexdesk.com/,FlexDesk - Booking engine for coworking space,"January 22, 2023",FlexDesk.txt,
PlusIdentity,https://www.plusidentity.com,PlusPassword - Share passwords without revealing them,"January 22, 2023",PlusIdentity.txt,
Turntable,https://www.turntable.so,Turntable - Transform data at warp speed,"January 20, 2023",Turntable.txt,
Magik,https://magiklabs.app,Magik - Global Fiat â†’ Crypto OnRamp Aggregator,"January 20, 2023",Magik.txt,
Proglix,https://proglix.com/,Proglix - One stop shop for industrial raw material,"January 19, 2023",Proglix.txt,
Reflex,https://reflex.dev,Pynecone: Web apps in pure Python ğŸ,"January 19, 2023",Reflex.txt,
Mantys,https://www.mantys.io/,Mantys - Modern day business planning & analytics tool for SaaS startups! ğŸš€,"January 19, 2023",Mantys.txt,
Pier,http://www.pier-finance.com,Pier - The fastest way to ship your own loan products ğŸš€,"January 18, 2023",Pier.txt,
Viddy,https://www.viddyapp.io/,ğŸ›’ Viddy - Shoppable video experiences for e-commerce,"January 17, 2023",Viddy.txt,
Noloco,https://noloco.io,Noloco - Build internal tools for your team without code,"January 17, 2023",Noloco.txt,
EzDubs,http://www.ezdubs.ai,EzDubs - Real-time AI dubbing with voice preservation,"January 17, 2023",EzDubs.txt,
Rollstack,https://www.rollstack.io/,Rollstack - Automatically create and update your slides and documents! ğŸ¦¾,"January 16, 2023",Rollstack.txt,
Gluetrail,https://www.gluetrail.com,âœ¨ Gluetrail - Smart tables that trigger automated workflows,"January 13, 2023",Gluetrail.txt,
Scanbase,https://www.scanbase.com,"Scanbase API - Converting Diagnostic Tests to Results, Next Steps, and Treatment","January 13, 2023",Scanbase.txt,
Parsagon,https://parsagon.io,Parsagon - Geographic data for half the price,"January 12, 2023",Parsagon.txt,
Vellum,,Vocify - AI that tells you which feature to build next,"January 12, 2023",,
0pass,https://0pass.com,ğŸ›¡ï¸0pass - Stop phishing attacks,"January 12, 2023",0pass.txt,
Skill-lync,http://skill-lync.com,The Madras Content Company (TMCC),"January 11, 2023",Skill-lync.txt,
Vendah,https://vendah.com.br/,"Vendah - Sell products, make money ğŸ¤‘","January 11, 2023",Vendah.txt,
Littio,https://www.littio.co/,Littio ğŸš€ Dollar banking for Latin America,"January 10, 2023",Littio.txt,
Javelin Robotics,https://javelinrobotics.com,ğŸš› Javelin Robotics - Autonomous trucks helping drivers flourish,"January 10, 2023",Javelin Robotics.txt,
Sanvivo,http://www.sanvivo.eu,ğŸ“±ğŸ’ŠÂ Sanvivo - DoorDash for pharmacies,"January 10, 2023",Sanvivo.txt,
DealPage,https://www.dealpage.ai/,ğŸ½ï¸ Baseplate - Optimize your LLMâ€™s with Deeper Insights,"January 09, 2023",DealPage.txt,
Matano,https://www.matano.dev,Matano - Open source SIEM alternative for AWS,"January 08, 2023",Matano.txt,
Common Paper,https://commonpaper.com/,ğŸ“ƒ Common Paper - Faster sales with standard contracts & structured data ğŸ“ƒ,"January 05, 2023",Common Paper.txt,
Defog.ai,https://defog.ai,"Defog.ai - ChatGPT for data, embedded in your app","January 04, 2023",Defog.ai.txt,
Supercool,https://www.supercool.xyz/,Supercool: The easiest way to buy NFTs,"January 04, 2023",Supercool.txt,
Radical,https://www.radicalaero.com/,Radical âœˆï¸ Wireless connectivity from the stratosphere,"January 04, 2023",Radical.txt,
Koala,https://www.learnwithkoala.com,ğŸ¨ Learn with Koala,"January 04, 2023",Koala.txt,